,CustomerID,FullName,DateOfBirth,Gender,Employer,EmploymentType,TotalInflows,TotalOutflows,AverageMonthlyInflows,AverageMonthlyOutflows,NetPosition,MonthlySalaryDeducted,JudiciaryCaseCount,JudiciaryCaseFlag,JudiciaryCaseDetails,TravelBan,LegalRestrictions
0,1001101,Rima Al-Saud,28-Oct-76,Female,Al Rajhi Bank,Salaried,82347,65662.16,6862.25,5471.85,16684.84,29325,0,False,Not Applicable,False,Not Applicable
1,1001102,Rima bint Hamad Al-Qahtani,3-Mar-67,Female,SABIC,Salaried,106547,64884.6,8878.92,5407.05,41662.4,20102,2,True,"ENF-2024-13890, Debt Enforcement, SAR 40740",False,Enforcement Order
2,1001103,Rima Al-Najem,14-Sep-88,Female,Bank AlJazira,Salaried,128079,95728.96,10673.25,7977.41,32350.04,32600,1,True,"ENF-2024-90038, Debt Enforcement, SAR 31777",False,Enforcement Order
3,1001104,Fatimah Al-Amri,12-Mar-84,Female,SABIC,Salaried,82777,55247.74,6898.08,4603.98,27529.26,22585,0,False,Not Applicable,False,Not Applicable
4,1001105,Nawal Al-Otaibi,11-Mar-62,Female,SABIC,Salaried,122183,95028.01,10181.92,7919.0,27154.99,37982,0,False,Not Applicable,False,Not Applicable
5,1001106,Nora bint Nasser Al-Mutairi,25-Jun-62,Female,Al Rajhi Bank,Salaried,138184,83585.5,11515.33,6965.46,54598.5,39917,0,False,Not Applicable,False,Not Applicable
6,1001107,Suad Al-Shammari,6-Oct-80,Female,Saudi Aramco,Salaried,92351,61813.79,7695.92,5151.15,30537.21,32519,0,False,Not Applicable,False,Not Applicable
7,1001108,Nawal Al-Mutairi,21-Jul-64,Female,Bank AlJazira,Salaried,133658,81929.22,11138.17,6827.43,51728.78,22804,1,True,"ENF-2024-20627, Debt Enforcement, SAR 18792",False,Enforcement Order
8,1001109,Khalil bin Majed Al-Saleh,27-Jul-77,Male,Self-Employed,Self-Employed,124151,89872.15,10345.92,7489.35,34278.85,27442,0,False,Not Applicable,False,Not Applicable
9,1001110,Ahmed bin Saleh Al-Harthy,14-Jul-78,Male,STC,Salaried,129936,96323.97,10828.0,8027.0,33612.03,33520,1,True,"ENF-2024-83969, Debt Enforcement, SAR 21016",False,Enforcement Order
10,1001111,Razan bint Majed Al-Harbi,21-Apr-95,Female,SABIC,Salaried,49320,35211.31,4110.0,2934.28,14108.69,10432,0,False,Not Applicable,False,Not Applicable
11,1001112,Jaber bin Saleh Al-Qahtani,8-Aug-61,Male,Saudi Aramco,Salaried,71821,50527.69,5985.08,4210.64,21293.31,12563,2,True,"ENF-2024-33897, Debt Enforcement, SAR 12612",False,Enforcement Order
12,1001113,Samira bin Majed Al-Harthy,9-Dec-89,Female,SABIC,Salaried,49031,35428.85,4085.92,2952.4,13602.15,15043,1,True,"ENF-2024-33483, Debt Enforcement, SAR 27159",True,Enforcement Order
13,1001114,Rania Al-Amri,3-Sep-65,Female,Self-Employed,Self-Employed,33009,25173.86,2750.75,2097.82,7835.14,13786,0,False,Not Applicable,False,Not Applicable
14,1001115,Fahad bin Yahya Al-Harbi,13-Jul-79,Male,Self-Employed,Self-Employed,39875,34614.74,3322.92,2884.56,5260.26,16085,0,False,Not Applicable,True,Not Applicable
15,1001116,Talal bin Zaid Al-Mutairi,1-Mar-59,Male,Bank AlJazira,Salaried,31524,23085.26,2627.0,1923.77,8438.74,12403,0,False,Not Applicable,False,Not Applicable
16,1001117,Latifa Al-Shammari,24-Apr-56,Female,STC,Salaried,51114,36376.73,4259.5,3031.39,14737.27,15617,0,False,Not Applicable,False,Not Applicable
17,1001118,Dina Al-Zahrani,21-Oct-92,Female,STC,Salaried,36320,25508.13,3026.67,2125.68,10811.87,15083,0,False,Not Applicable,False,Not Applicable
18,1001119,Maha Al-Dossary,21-Aug-85,Female,Self-Employed,Self-Employed,62168,46757.57,5180.67,3896.46,15410.43,10526,0,False,Not Applicable,False,Not Applicable
19,1001120,Fatimah bint Ibrahim Al-Qahtani,24-May-94,Female,Saudi Aramco,Salaried,77911,58111.69,6492.58,4842.64,19799.31,17299,0,False,Not Applicable,False,Not Applicable
20,1001121,Talal bin Abdulrahman Al-Rashid,25-Jun-91,Male,Self-Employed,Self-Employed,14999,16402.32,1249.92,1366.86,-1403.32,4355,0,False,Not Applicable,False,Not Applicable
21,1001122,Majed bin Hamad Al-Mutairi,20-May-76,Male,SABIC,Salaried,5370,5579.37,447.5,464.95,-209.37,8066,0,False,Not Applicable,False,Not Applicable
22,1001123,Saud bin Nasser Al-Amri,19-Dec-80,Male,SABIC,Salaried,22353,23003.35,1862.75,1916.95,-650.35,7119,0,False,Not Applicable,False,Not Applicable
23,1001124,Ibrahim bin Hamad Al-Mutairi,15-Aug-95,Male,SABIC,Salaried,15735,15044.61,1311.25,1253.72,690.39,7274,0,False,Not Applicable,False,Not Applicable
24,1001125,Wafa Al-Zahrani,25-Sep-89,Female,Al Rajhi Bank,Salaried,26994,21912.09,2249.5,1826.01,5081.91,4873,0,False,Not Applicable,True,Not Applicable
25,1001126,Khadija Al-Hazzaa,5-Sep-80,Female,Self-Employed,Self-Employed,20999,21298.57,1749.92,1774.88,-299.57,9719,1,True,"ENF-2024-90077, Debt Enforcement, SAR 45920",False,Enforcement Order
26,1001127,Faisal bin Saleh Al-Johani,5-Dec-67,Male,SABIC,Salaried,26575,25180.73,2214.58,2098.39,1394.27,6961,0,False,Not Applicable,False,Not Applicable
27,1001128,Ziyad bin Abdulrahman Al-Shehri,3-Dec-56,Male,SABIC,Salaried,29063,24724.85,2421.92,2060.4,4338.15,4517,0,False,Not Applicable,False,Not Applicable
28,1001129,Hessa bint Khalid Al-Hazzaa,23-May-84,Female,SABIC,Salaried,27440,23984.24,2286.67,1998.69,3455.76,8792,0,False,Not Applicable,True,Not Applicable
29,1001130,Bader bin Abdulaziz Al-Amri,3-Nov-67,Male,STC,Salaried,29204,24306.64,2433.67,2025.55,4897.36,5412,0,False,Not Applicable,False,Not Applicable
